{
	"info": {
		"_postman_id": "9745937f-da04-4ec5-bbf5-345104989f2e",
		"name": "Massyve Assesment",
		"schema": "https://schema.getpostman.com/json/collection/v2.0.0/collection.json",
		"_exporter_id": "36342392"
	},
	"item": [
		{
			"name": "Authenticated User",
			"item": [
				{
					"name": "Get Profile",
					"request": {
						"method": "GET",
						"header": [],
						"url": "{{dev_url}}/authenticated/profile"
					},
					"response": []
				},
				{
					"name": "Logout",
					"request": {
						"method": "POST",
						"header": [],
						"url": "{{dev_url}}/authenticated/logout"
					},
					"response": []
				}
			]
		},
		{
			"name": "login",
			"request": {
				"method": "POST",
				"header": [],
				"body": {
					"mode": "raw",
					"raw": "{\r\n    \"email\":\"karlDoe@gmail.com\",\r\n    \"password\":\"Password123@#\",\r\n    \"remember_me\": true\r\n}",
					"options": {
						"raw": {
							"language": "json"
						}
					}
				},
				"url": "{{dev_url}}/login"
			},
			"response": []
		}
	],
	"event": [
		{
			"listen": "prerequest",
			"script": {
				"type": "text/javascript",
				"packages": {},
				"exec": [
					""
				]
			}
		},
		{
			"listen": "test",
			"script": {
				"type": "text/javascript",
				"packages": {},
				"exec": [
					""
				]
			}
		}
	],
	"variable": [
		{
			"key": "url",
			"value": "http://localhost:8005",
			"type": "string"
		},
		{
			"key": "dev_url",
			"value": "https://authentication-system-server-csqa.onrender.com",
			"type": "string"
		}
	]
}